Store Name,Number
Lokplaza,07947354569
Shri Sai Sales,07947345634
Madhu Electronics,07947388213
Manya Electronics,+(91)-9753309633
Manish Sales,07947388114
Vijay Electricals,07947388088
New Katare Sales,07947451098
Natraj Enterprises,07947325415
Samsung Plaza (A V Zone),07947449672
Maloo Sales,+(91)-751-4045907
Gwalior Alloys & Steels Pvt..,07947354548
K K Sales,07947388126
SKAG International Lights,+(91)-0751-4925130
Maya Enterprises,+(91)-9329796427
National Electronics,07947388376
Shyam Enterprises,07947389088
Naman The Electronic World,13324
Mohan Electric Stores,+(91)-0751-2625677
Shiva Computer & Electronic..,+(91)-7999302859
Sai Plaza S P Electronics a..,+(91)-8871376343
Ritu Electronics,07947354570
Paras Electronics,07947388291
Poorvi Electronics & Home A..,+(91)-9131065634
Manish Sales,+(91)-9302558359
Lokplaza,07947388220
Vnv Electrical Solutions,07947388881
Bharat Electronics,+(91)-7000914013
Sanskriti Sales,+(91)-0751-2460055
Kanishka Enterprises,07947388709
G D Refrigeration & Electri..,07947388461
Maloo Electronics,+(91)-751-2331081
Ashu & Manish Mobile & Elec..,+(91)-8269173326
Katare Electricals,+(91)-9584662519
Global Marketing,+(91)-9425115129
Shivhare Enterprises,+(91)-751-4011011
Amit Electronics,+(91)-0751-2323212
Reliance Digital,+(91)-0751-4061260
Lokplaza,+(91)-9644001216
Mansi Electronics,
Bhagwati Electronics,+(91)-0751-4093228
Samsung Smart Cafe,+(91)-751-4055470
Sharma Electronics And Car ..,+(91)-751-2626698
Ravi Electronics,+(91)-0751-4080700
Sheetal Tarang,+(91)-0751-2330325
Maheshwari Enterprises,+(91)-751-2369394
Arun Electronics,+(91)-9522395839
Ballabh Electronics,+(91)-0751-4079481
Bhagwati Sales,+(91)-751-2443879
Gupta Electronic,+(91)-751-222776
Ankita Sales Agencies-Beete..,+(91)-0751-2631557
Shri Sai Electronics,+(91)-9691510922
Mukesh Radio And Tv Centre,+(91)-751-4093342
Dabra Electronics,+(91)-7524-222249
Sagar Electronics,+(91)-751-2626670
Tejasvi Electronic,+(91)-9752602333
Basant Sales Corporation,+(91)-751-2335019
Mamta Computers & Stationer..,+(91)-751-4050565
Shankar Electronics And Tra..,+(91)-0751-2438487
Vaishnavi Electronics,+(91)-751-4077700
Shivam Electronics Gwalior,+(91)-0751-2625254
J P Electronic & Electrical..,+(91)-9039766128
Imran Enterprises,+(91)-9098653911
Sharma Dth Services,+(91)-8817095151
M K Appliances,+(91)-0751-4015666
Hardev Electronics,+(91)-9827556521
Golden Life,+(91)-751-4098663
Aircon Business Link,+(91)-0751-2233366
Jain Electronics,+(91)-9669642011
Shiv Market,+(91)-9993832533
Sarawagi Traders,+(91)-8878224243
Sharan Electronics,+(91)-751-4029994
Naivaidya Enterprises,+(91)-9575230640
New Allied Agencies,+(91)-0751-2323743
Shiv Enterprises,+(91)-751-2416603
Jio Care,+(91)-8962859003
Anil Steel Furniture,+(91)-9827008621
IFB Industries Ltd,+(91)-9329782891
Sarnam Electricals,+(91)-7354671376
Shivam Electronics,+(91)-9827231937
Mk Computers,+(91)-9098486336
Mahadev Electronics,+(91)-0751-4024226
Prince Mobile,+(91)-9098817500
Suresh Bandhu,+(91)-7697788634
Shrdha Electricals,+(91)-9425630684
Katare Electricals,+(91)-9584662519
Ashoka Sales,+(91)-751-2484390
Delhi Diesels,+(91)-8602601836
Bansal Music Palace and Ele..,+(91)-9300809037
Star Lights,+(91)-0751-2625617
Suraj Enterprises,+(91)-751-2328912
Aman Electronics,+(91)-9827758132
Balaji Enterprises,+(91)-9039239529
Hi Tech Computer Point,+(91)-751-2452778
New Sai Enterprises,+(91)-8989668531
Tulsi Electronics,+(91)-9074970677
Gurukripa Furniture and Ele..,+(91)-8358928283
Basant Sales Corporation,+(91)-751-2335019
Gagan Furniture,+(91)-8269368372
Baba Electronics,+(91)-9303026555
Lustrous Energy Saving Solu..,+(91)-751-4065711
Santosh Electro Setack,+(91)-751-4078543
Basant Electronics,+(91)-751-2429263
Sharma Electronics,+(91)-9425309596
Xpert Tension Free Service,+(91)-8103822338
Rana Enterprises,+(91)-9713897530
Joshi Computer Center,+(91)-9713416042
The Mobile Plaza,+(91)-9039092669
BEST Price Electronics,+(91)-9770484499
E- Zone E-governance Servic..,+(91)-7974206664
Ma Ashmani Tent Hardware An..,+(91)-9993267048
Vaishno Devi Spare Parts,+(91)-0751-2329537
Om Electronics,+(91)-0751-2638347
Intex Smart World,+(91)-0751-4922259
Intex Smart World,+(91)-8878196669
The Mobile Plus3,+(91)-9111117951
Archana Sales,+(91)-751-4218720
R K Enterprises,+(91)-0751-2367169
Amulya Systems,+(91)-9522500300
Pooja Electronics,+(91)-8839049183
Gaurav Electricals & Electr..,+(91)-9826220890
Jain Electricals,+(91)-9926083015
Rohit Electronics,+(91)-9630007313
Maa Durga Electricals And E..,+(91)-9691486853
Umang The House Of Electron..,+(91)-9301102262
Baba Electronics,+(91)-9827387120
Maa Bhagwati Electrical,+(91)-9074904661
Ce Zone,+(91)-9624099881
Guru Auto Parst & Mobile Ce..,+(91)-9977643466
Tara Enterprises,+(91)-9329320700
Pratishtha Electronics Gwal..,+(91)-8602929860
M.s. & Sons,+(91)-9340627730
Shubhaarambh Sales,+(91)-8982055463
Jai Balaji Mobile Center,+(91)-9691822999
Kitchen Gallery & Decor,+(91)-6264894009
Guru Electronics,+(91)-9827067443
Vaibhav Electronics Sales A..,+(91)-9827793241
Guru Kripa Sales,+(91)-9755614890
Arihant Electronics,+(91)-9406970879
Lokwani Agencies,+(91)-751-4086192
Deepak Electronics,+(91)-9826262166
Paras Electronic,+(91)-9893119398
Mohit Sales,+(91)-9302999161
Monu Computers,+(91)-7987388619
Ashish Sales,+(91)-9993169953
Shiv Shakti Electronic,+(91)-9691197949
Bhavana Electronics,+(91)-9755871757
Anuj Electronic,+(91)-9301297212
Yug Telecom,+(91)-7047154781
Sheetal Tarang,+(91)-751-2380325
Shri Sai Computer Center,+(91)-751-4000608
Virendra Jitu Motors Car Wo..,+(91)-9522216096
Khandelwal Electronics,+(91)-751-2628200
Rahul Cycle Repairing Shop,+(91)-9522530044
Ashoka Sales,+(91)-9644257555
Ayan Sales,
Pappu Khan Cooler Pad Wale,+(91)-9826068396
Plaza Telecom,+(91)-8120697763
Coat Sahab House,+(91)-751-2231449
Aditya Online Services,+(91)-9826425775
Ak Dslr Cameras,+(91)-7999688389
Sapna Electronics,+(91)-8602288194
Yogita Electronics,+(91)-8109980540
Gaurav Electrical and Mecha..,+(91)-9826631736
Anmol Sales,+(91)-9827787047
Shitla Mobile And Auto Part..,+(91)-7354426999
Bholu Khan,+(91)-8959117936
Varsha Electronics,+(91)-8120755278
Ramesh Sales,+(91)-8962555106
Fairdeal Home Appliance,+(91)-6260830336
Ravi Electronics Service Ce..,+(91)-8770242890
Electromag Engineers,+(91)-0751-2340486
Om Sai Ram Enterprises,+(91)-9806109466
Vishal Electronics,+(91)-7828300109
Vishal Electronics,+(91)-7828300109
Sitla Sales,+(91)-8120000972
Kushwah Electronics,+(91)-9425790836
Unique Enterprises,+(91)-751-4034308
Laxmi Electronics,+(91)-9907175676
Maa Kailla Devi Electronics,+(91)-9630778135
Galaxy Electronics,+(91)-0751-4070713
Davak Electronics,+(91)-9617668777
Pavan Kumar Anil Kumar,+(91)-751-2438726
Bansal Communication,+(91)-751-4007169
Jai Maa Kali Mobile,+(91)-7697407502
Dhakad Electronics,+(91)-9770973364
Global Enterprises,+(91)-751-2435241
Anand Electronics,+(91)-751-2329872
Sheetal Tarang,+(91)-751-2380325
Sai Window Cooler,+(91)-7566705123
Shankar General Store,+(91)-751-2443184
Gupta Electronics,+(91)-0751-2325518
V Sales,+(91)-0751-2452521
Himanshu Electronics,+(91)-9782744782
T And F (Customer Care) Div..,+(91)-751-2232678
Ravi Sales,+(91)-7566974958
Gupta Electronics,+(91)-9111767770
New Sai Enterprises,+(91)-9584461224
Khanna Electronics,+(91)-9977004903
Goswami Electronic,+(91)-8516023458
Vinod Electronics,+(91)-9301685721
Sankat Mochan Electronics,+(91)-7697715673
Accent Sales,+(91)-7566041005
A S Appliances,+(91)-751-4001843
Himanshi Electronics,+(91)-751-2426536
Supardeal Electronics,+(91)-9407300294
Shiv Enterprises,+(91)-9981141497
Cool India Refrigeration,+(91)-0751-2429752
Shee Kalyan Enterprises,+(91)-8770430477
Goyalka Lights,+(91)-751-2329655
Ashish Consultant,+(91)-9893658599
Pawan Garg,+(91)-9893150742
Om Sai Electrical,+(91)-7000271588
Chadthikla Electronics,+(91)-7869169265
Ravi Electronics,+(91)-9754743041
Santosh Electrosepack,+(91)-0751-2380102
Singhal Sales,+(91)-9826591712
Gagan Mobile &Electronic,+(91)-9303319394
Banke Bihari Mobile Repeiri..,+(91)-7389636496
Shri Ram D2h,+(91)-9977134701
Yashika Enterprises,+(91)-8878967632
Agrawal Electronics,+(91)-9425457100
Industrial Electronics Corp..,+(91)-751-2325442
Anil Electronics,+(91)-9827820875
S S Communications,+(91)-751-4098624
G K Traders,+(91)-9826252254
Sahu Electricals,+(91)-9977187629
Veshnavi Mobile And Photo C..,+(91)-8120096373
Gopal Electronics,+(91)-9827354583
Jain Electricals & Electron..,+(91)-8871403442
Agarwal Electrical Store,+(91)-9827369196
Krishna Electronics,+(91)-751-222228
Kp Electronics,+(91)-7999625258
Jain Electrical Stores,+(91)-751-223575
Lala Electronics Btr,+(91)-9926705318
Mittal Computer,+(91)-7047775282
Santosh Enterprises,+(91)-6266910225
New Kashyap Electronics,+(91)-8435190680
Aditya Marketing,+(91)-8962288645
Shivam Electronics,+(91)-751-4081032
Ganesh Appliances,+(91)-0751-2401030
Manoj Electricals,+(91)-6268000240
Asp Energy And Power Soluti..,+(91)-9977734041
Maa Durga Sales,+(91)-751-4218249
Shalini Enterprises,+(91)-9329654354
Shital Tarang,+(91)-751-2380325
Vinod Electricals,+(91)-751-2423798
Nath Traders,+(91)-751-2330878
Jai Laxmi Fancy Stores,+(91)-7772929196
Radio Electronics,+(91)-9753424200
Hari Om Electrical And Repa..,+(91)-9098029404
Radhe sales,+(91)-751-2470017
Om Sai Ram Enterprises,+(91)-9806109466
Maheshwari Electronics,+(91)-9893356586
Pandit Mobile And Watch Rep..,+(91)-9993933403
Drashti Enterprises,+(91)-751-4011969
Choudhary Electronics,+(91)-9826278216
Shree Ji Electronics & Comm..,+(91)-9754308917
Shri Banke Bihari Enterpris..,+(91)-9977350034
Vikas Electrical,+(91)-7000652392
Hind Electric Works,+(91)-0751-2622429
Madeena Traders,+(91)-9039195587
Maa Sharda Electronics,+(91)-9826947235
Maa Sharda Electronics,+(91)-9826947235
Gaurav electronics,+(91)-8120435605
Ashok Refrigeration Agencie..,+(91)-751-2329220
Bhasin Electronics,+(91)-751-224133
Mahendra Agencies,+(91)-0751-2340442
Sharpline Electronics,+(91)-9993144047
Prince Electronics,+(91)-751-4068984
Pragya Electronics,+(91)-751-2635284
Garg Electricals,+(91)-0751-2430322
Naveen Electronics,+(91)-751-4033479
Mahendra Agencies,+(91)-751-4080183
Anil Electronics,+(91)-9425111054
Pandey Electronics,+(91)-9893016029
Madhu Electronic,+(91)-9589089433
Pipraiya Electronics,+(91)-9329603907
Riddhi Industries,+(91)-9827095114
Durga Enterprises And Gas R..,+(91)-9713068146
Khandelwal Brothers,+(91)-751-2632669
Dev Sales,+(91)-751-2376212
Feardeal Electronics,+(91)-9893553224
Fairdeal Electronics (Close..,+(91)-8359093064
Nidhi Home Appliances,+(91)-8982162097
Raj Sales Corporation,+(91)-9687896116
Tripati Electricals,+(91)-9329303068
Kashyap Electronics,+(91)-7898895920
Aayushi Enterprises,+(91)-8120761514
Kaurav Marketing & Manufact..,+(91)-0751-2376693
Shri Ji Computer Gallery,+(91)-9893073242
Pandit Electronics,+(91)-8770983321
Sai Kripa Enterprises,+(91)-9179020820
Sai Kripa Enterprises,+(91)-9754118656
Arora Electronics,+(91)-9893139835
Hariom Electronics,+(91)-9685421415
Silver Star Window Cooler &..,+(91)-7879798712
Genius Mobile,+(91)-9329495267
Bajrang Electronics,+(91)-9827646247
Neeraj Sales,+(91)-8319898163
Shubh Electronics,+(91)-9516620062
Sahni Cooler and Tank Cente..,+(91)-9977725111
Mahakaal Electronics,+(91)-8305648476
S K Enterprises,
Anjali Marketing,+(91)-8120483088
Aayu Electronics,+(91)-751-5916084
Videocon Telecom,+(91)-8269848179
M. Muskan Electronic,+(91)-9575953414
Ashish Electronic Rasulavad,+(91)-9893350198
Chotu Electronics,+(91)-7489471542
Gb Services,+(91)-9826849450
Shivani Electronics,+(91)-751-5901506
Bablu Electronics & Electri..,+(91)-9098254304
Bharat Electronics,
J S Software & Electronics,+(91)-751-2445555
Prabhu Ji Electronic,+(91)-9039396429
Chauhan Electronics,+(91)-8878696677
Om Sai Electrical & Electro..,+(91)-8269544071
Kailash Chandra Sales,+(91)-9300214237
Pitamber Electronics,+(91)-751-2235070
Mansi Electronics,+(91)-9302558301
Vijay Telecom,+(91)-7905519614
Shiv Enterprise,+(91)-7566257291
Om Sai Ram Enterprises,+(91)-9806109466
New Rai Enterprises,+(91)-9425753918
Ramesh Electronics,+(91)-8358833646
Shree Sai Baba Electronics,+(91)-751-2426911
Maa Pitambara Electricals,+(91)-9893930343
r k network,+(91)-9200000104
Raja Sales and Service,+(91)-9630316735
Goswami Electronics,+(91)-9144500744
Sparks Electronics,+(91)-9039617151
Softgen Technologies Pvt Lt..,+(91)-751-4075030
Ashish Electronic Rasulavad,+(91)-9893350198
Shyam Traders,+(91)-8959872015
Abhishek Parmar Electrical ..,+(91)-9752874045
Shiv Enterprises,+(91)-751-4048287
Shri Ganpati Electricals,+(91)-8225819949
Ultra Electronics,+(91)-9826553472
Krishna Electronics,+(91)-9826243938
Om Electronics,+(91)-9993023980
Patel Electronics,+(91)-9826729597
Bohre Electronics,
Hanuman Electronic,+(91)-9826575371
Shri Ganpati Sales,+(91)-7042336131
Subham Electronics,+(91)-751-4080633
Dipesh Electronics,+(91)-9144766784
Shri Anand Associates,+(91)-0751-4922300
Santosh Electronics,+(91)-9301139410
Spectrum The World Of Elect..,+(91)-9109368619
Maa Jagdamba Electrical,+(91)-8109951920
Shriram Electricals,+(91)-9406500739
Baivabh Sales & Service,+(91)-7000360662
S S Communication,+(91)-8959379371
Shiva Home Appliances (Para..,+(91)-9425770558
Baba Electricals,+(91)-9893992357
Sterling Sales And Services,+(91)-8109205454
Blue Line Appliances,+(91)-9179877144
Vallary Enterprises,+(91)-751-2322897
Maheshwari Associates,+(91)-0751-2321804
Ashirwad Electronics,+(91)-751-3052218
Ashok Agencies,+(91)-751-2329220
Shubh Enterprises,+(91)-0751-6538569
Raj Enterprises,+(91)-9993907006
M.A. Steel Works,+(91)-9713519592
Agarwal Window Cooler,+(91)-9770285500
New shivangi communication,+(91)-9826234471
Vidhya Business Link,+(91)-751-2427615
Vimal Electronic,+(91)-8871807219
Freezing Point,+(91)-0751-2321606
N.K. Sales,+(91)-751-2453700
Goswami Enterprises,+(91)-8649985160
Palaza Telecom,+(91)-8120697763
Khushi Enterprises,+(91)-8120208888
Power Sales,+(91)-9617982827
Rathore Electronics,+(91)-6260521034
Mansi Electronics,+(91)-9302558313
New Rai Enterprises,+(91)-751-2480262
Chaturvedi Radio Services,+(91)-751-4071266
Satyam Electronics,+(91)-8700273364
Prince Enterprises and Elec..,+(91)-9630000602
Hanuman Electronics,+(91)-7049433585
E-lotus,+(91)-8357075741
Shri Sai Mobile Store,+(91)-9754953187
Digital World,+(91)-751-2428111
Sameer Electronics,+(91)-9584727895
Shiv Shakti Enterprises,+(91)-9589967986
Vaishnav Electronics,+(91)-8602298891
Krishna Sales,+(91)-751-4060800
New Gift Store,+(91)-9826224924
Kingson Home Appliances,+(91)-8109158836
Vishnu Sales,+(91)-9301184419
Memory World,+(91)-9826287088
Radha Enterprises,+(91)-8889090184
Siddhi Vinayak Traders,+(91)-9826734726
Deenbandhu enterprises,+(91)-8602491500
Mahakal Electronics,
Balaji Electronics,+(91)-751-2426510
Shri Ram Electricals,+(91)-9425116939
Msp Enterprises,+(91)-7974435261
Shree Vijay Light Works,+(91)-8871057400
S. Hardeniya Electronics,+(91)-9926731180
Goyal Electricals,+(91)-9302829084
Mayank Electronics,+(91)-9827051491
Guru Electronics,+(91)-7354025578
Hari Om Electronic,+(91)-9926499843
Jyothi Electronics,+(91)-9303827027
Neeraj Jain,+(91)-8109997555
Sakka Electronic Centre,+(91)-0751-4060702
Hans Radio,+(91)-9926264218
Saniaya Electronics,+(91)-9826358570
Sanjay Electricals,+(91)-9301159780
Shivam Sales,+(91)-751-2445881
Varun Electronics,+(91)-9993256414
Sunil Traders,+(91)-751-2330877
Megha Refrigeration,+(91)-9827620643
Laxman Electronics,+(91)-751-2428900
Shukla Electronics,+(91)-751-2410916
Dhariwal Home Appliances,+(91)-9301228605
Sharma Electronics,+(91)-9174002044
Kailash Electronics,+(91)-9301110074
Vaishnavi Electronics,+(91)-9827047041
champion radio,+(91)-8085100906
Best Electronics Showroom L..,+(91)-9301292828
AVI Sales Emporium,+(91)-751-2627180
Laxmi Sales,+(91)-9907791979
Shri Gopi Nath Electronics,+(91)-751-4028096
Standard Gallery (Nayak Ent..,+(91)-9990492306
Jai Mata Di Electronic Shop,+(91)-9039225803
Radhe Krishna Mobile,+(91)-9977362193
Goud Electronics,+(91)-9926891922
Radha Enterprise,+(91)-8889090184
Krishna Electronic,+(91)-9165698584
Goyal Electronics,+(91)-9301057092
Vishal Electronics,+(91)-0751-2431598
Vishal Electronic,+(91)-9907683600
Talash Electricals,+(91)-9826808550
Hari Om Electronics,+(91)-7771022996
Jainam Electronic,+(91)-8770679985
Shiva Enterprises,+(91)-8989668468
Shri Ram Appliances,+(91)-0751-4015552
Maa Durga Electronics,+(91)-9200163135
Promix Electronics,+(91)-7415402383
Anish Sales,+(91)-7441179983
Rikhabdas Kamal Kishore,+(91)-8305141531
Dubay Electronics,+(91)-8878596425
Dubey Electronic,+(91)-9009558117
Garg Electronic,+(91)-9826211690
Sonia Electronics & Video C..,+(91)-9827586832
Angel Sales,+(91)-751-4924001
Narayan Polymers,+(91)-8770752963
Kahna Electronics,+(91)-9399945247
Manik Electronic,+(91)-8770720985
Sukh Sagar Electronics,+(91)-751-2326881
Evergreen,+(91)-0751-2325042
Commercial Agencies,+(91)-751-2331151
Promise Electronics,+(91)-0751-6521001
Rishabh Electronic Shop,+(91)-8770652023
Pradeep Electricals,+(91)-751-2443194
Yash Light,+(91)-751-2434835
Rachana Electronics,+(91)-751-2620079
Jagdish Light,+(91)-751-2438912
Raj Electronics Service Cen..,+(91)-9827317794
Radio Electronics,+(91)-9981605699
Kwality Redio,+(91)-9826267593
Ce Zone,+(91)-9624099881
Suraj Electronics,+(91)-7516452215
Banke Gupta,+(91)-7879271248
Dubey Electronics,+(91)-9009558117
Jainco Electrico India,+(91)-9826561686
Shivam Electronics,+(91)-8319709695
Deep Electronics,
Jain Enterprises,+(91)-751-2458232
Kundan Traders,
HCL Infosystems Ltd,
Alpha Electronics,+(91)-0751-4073922
Malik Electronics,+(91)-9891723002
Samyank Electrical,+(91)-9301103180
Shree Balaji Electronic & A..,+(91)-8871005100
Baba Gaurisankar Refrigerat..,+(91)-9301237186
Raj Enterprises,+(91)-7354455551
Naman Electronic Sansar,+(91)-9303019216
Naman Electronics Sansar,+(91)-0751-2458180
Jain Enterprises,+(91)-7000273928
Balram Sales,+(91)-9713526755
Power Computer Solution,+(91)-9713737098
G.T. Electronics,+(91)-9926678725
Mohit Electronics,+(91)-7987196093
Rajendra Mistri,+(91)-9826247302
Shalimar Mobile Shop,+(91)-9009590956
Arpit Electricals End Elect..,+(91)-7024346276
S K Enterprises,+(91)-751-2428566
Sai Enterprises,+(91)-751-4040180
MAA Padma Sales,+(91)-9575592114
Jannat Group Of Industries,+(91)-9202206612
Mayank Enterprises,+(91)-9893353723
